{
  "Ansi 6 Color": {
    "Red Component": 0.78823530673980713,
    "Color Space": "sRGB",
    "Blue Component": 1,
    "Alpha Component": 1,
    "Green Component": 0.87450981140136719
  },
  "Tags": [],
  "Ansi 12 Color": {
    "Red Component": 0.49400871992111206,
    "Color Space": "sRGB",
    "Blue Component": 0.78158527612686157,
    "Alpha Component": 1,
    "Green Component": 0.66577816009521484
  },
  "Horizontal Spacing": 1,
  "Draw Powerline Glyphs": true,
  "Bold Color": {
    "Red Component": 0.85050994157791138,
    "Color Space": "sRGB",
    "Blue Component": 0.85051912069320679,
    "Alpha Component": 1,
    "Green Component": 0.85052990913391113
  },
  "Normal Font": "MesloLGSNer-Regular 14",
  "Link Color": {
    "Red Component": 0.409068763256073,
    "Color Space": "sRGB",
    "Blue Component": 0.757415771484375,
    "Alpha Component": 1,
    "Green Component": 0.57946771383285522
  },
  "Ansi 3 Color": {
    "Red Component": 0.92155331373214722,
    "Color Space": "sRGB",
    "Blue Component": 0.47770875692367554,
    "Alpha Component": 1,
    "Green Component": 0.75726079940795898
  },
  "Rows": 45,
  "Default Bookmark": "No",
  "Ansi 5 Color": {
    "Red Component": 0.69086837768554688,
    "Color Space": "sRGB",
    "Blue Component": 0.5943102240562439,
    "Alpha Component": 1,
    "Green Component": 0.39817756414413452
  },
  "Cursor Guide Color": {
    "Red Component": 0.70213186740875244,
    "Color Space": "sRGB",
    "Blue Component": 1,
    "Alpha Component": 0.25,
    "Green Component": 0.9268307089805603
  },
  "Non-ASCII Anti Aliased": true,
  "Use Bright Bold": true,
  "Ansi 10 Color": {
    "Red Component": 0.62717646360397339,
    "Color Space": "sRGB",
    "Blue Component": 0.46547874808311462,
    "Alpha Component": 1,
    "Green Component": 0.67388916015625
  },
  "Icon": 0,
  "Ambiguous Double Width": false,
  "Jobs to Ignore": ["rlogin", "ssh", "slogin", "telnet"],
  "Ansi 15 Color": {
    "Red Component": 0.96881216764450073,
    "Color Space": "sRGB",
    "Blue Component": 0.96882253885269165,
    "Alpha Component": 1,
    "Green Component": 0.96883469820022583
  },
  "Foreground Color": {
    "Red Component": 0.85050994157791138,
    "Color Space": "sRGB",
    "Blue Component": 0.85051912069320679,
    "Alpha Component": 1,
    "Green Component": 0.85052990913391113
  },
  "Working Directory": "/Users/timr",
  "Blinking Cursor": false,
  "Space": 0,
  "Sync Title": false,
  "Prompt Before Closing 2": false,
  "BM Growl": true,
  "Mouse Reporting": true,
  "Command": "",
  "Description": "Default",
  "Disable Window Resizing": true,
  "Screen": -1,
  "Selection Color": {
    "Red Component": 0.41640311479568481,
    "Color Space": "sRGB",
    "Blue Component": 0.5211181640625,
    "Alpha Component": 1,
    "Green Component": 0.4745735228061676
  },
  "Initial Use Transparency": false,
  "Columns": 150,
  "Idle Code": 0,
  "Ansi 13 Color": {
    "Red Component": 0.69086837768554688,
    "Color Space": "sRGB",
    "Blue Component": 0.5943102240562439,
    "Alpha Component": 1,
    "Green Component": 0.39817756414413452
  },
  "Title Components": 4,
  "Custom Command": "No",
  "ASCII Anti Aliased": true,
  "Non Ascii Font": "Monaco 12",
  "Vertical Spacing": 1,
  "Use Bold Font": true,
  "Option Key Sends": 0,
  "Selected Text Color": {
    "Red Component": 0.85050994157791138,
    "Color Space": "sRGB",
    "Blue Component": 0.85051912069320679,
    "Alpha Component": 1,
    "Green Component": 0.85052990913391113
  },
  "Background Color": {
    "Red Component": 0.20750144124031067,
    "Color Space": "sRGB",
    "Blue Component": 0.26528763771057129,
    "Alpha Component": 1,
    "Green Component": 0.228435218334198
  },
  "Character Encoding": 4,
  "Ansi 11 Color": {
    "Red Component": 0.92155331373214722,
    "Color Space": "sRGB",
    "Blue Component": 0.47770875692367554,
    "Alpha Component": 1,
    "Green Component": 0.75726079940795898
  },
  "Use Italic Font": true,
  "Unlimited Scrollback": true,
  "Keyboard Map": {
    "0xf70f-0x40000": {
      "Action": 10,
      "Text": "[24;5~"
    },
    "0xf700-0x260000": {
      "Action": 10,
      "Text": "[1;6A"
    },
    "0x37-0x40000": {
      "Action": 11,
      "Text": "0x1f"
    },
    "0x32-0x40000": {
      "Action": 11,
      "Text": "0x00"
    },
    "0xf709-0x20000": {
      "Action": 10,
      "Text": "[17;2~"
    },
    "0xf70c-0x20000": {
      "Action": 10,
      "Text": "[20;2~"
    },
    "0xf729-0x20000": {
      "Action": 10,
      "Text": "[1;2H"
    },
    "0xf711-0x40000": {
      "Action": 10,
      "Text": "[26;5~"
    },
    "0xf72b-0x40000": {
      "Action": 10,
      "Text": "[1;5F"
    },
    "0xf703-0x260000": {
      "Action": 10,
      "Text": "[1;6C"
    },
    "0xf700-0x220000": {
      "Action": 10,
      "Text": "[1;2A"
    },
    "0xf705-0x20000": {
      "Action": 10,
      "Text": "[1;2Q"
    },
    "0xf708-0x40000": {
      "Action": 10,
      "Text": "[15;5~"
    },
    "0xf70b-0x40000": {
      "Action": 10,
      "Text": "[19;5~"
    },
    "0x38-0x40000": {
      "Action": 11,
      "Text": "0x7f"
    },
    "0x33-0x40000": {
      "Action": 11,
      "Text": "0x1b"
    },
    "0xf712-0x40000": {
      "Action": 10,
      "Text": "[28;5~"
    },
    "0xf704-0x40000": {
      "Action": 10,
      "Text": "[1;5P"
    },
    "0xf703-0x220000": {
      "Action": 10,
      "Text": "[1;2C"
    },
    "0xf709-0x40000": {
      "Action": 10,
      "Text": "[17;5~"
    },
    "0xf701-0x240000": {
      "Action": 10,
      "Text": "[1;5B"
    },
    "0xf70d-0x20000": {
      "Action": 10,
      "Text": "[21;2~"
    },
    "0xf702-0x260000": {
      "Action": 10,
      "Text": "[1;6D"
    },
    "0xf70c-0x40000": {
      "Action": 10,
      "Text": "[20;5~"
    },
    "0xf729-0x40000": {
      "Action": 10,
      "Text": "[1;5H"
    },
    "0xf706-0x20000": {
      "Action": 10,
      "Text": "[1;2R"
    },
    "0x34-0x40000": {
      "Action": 11,
      "Text": "0x1c"
    },
    "0xf705-0x40000": {
      "Action": 10,
      "Text": "[1;5Q"
    },
    "0x2d-0x40000": {
      "Action": 11,
      "Text": "0x1f"
    },
    "0xf70e-0x20000": {
      "Action": 10,
      "Text": "[23;2~"
    },
    "0xf702-0x220000": {
      "Action": 10,
      "Text": "[1;2D"
    },
    "0xf707-0x20000": {
      "Action": 10,
      "Text": "[1;2S"
    },
    "0xf700-0x240000": {
      "Action": 10,
      "Text": "[1;5A"
    },
    "0xf70a-0x20000": {
      "Action": 10,
      "Text": "[18;2~"
    },
    "0x35-0x40000": {
      "Action": 11,
      "Text": "0x1d"
    },
    "0xf70d-0x40000": {
      "Action": 10,
      "Text": "[21;5~"
    },
    "0xf70f-0x20000": {
      "Action": 10,
      "Text": "[24;2~"
    },
    "0xf703-0x240000": {
      "Action": 10,
      "Text": "[1;5C"
    },
    "0xf706-0x40000": {
      "Action": 10,
      "Text": "[1;5R"
    },
    "0xf701-0x260000": {
      "Action": 10,
      "Text": "[1;6B"
    },
    "0xf70e-0x40000": {
      "Action": 10,
      "Text": "[23;5~"
    },
    "0x36-0x40000": {
      "Action": 11,
      "Text": "0x1e"
    },
    "0xf710-0x40000": {
      "Action": 10,
      "Text": "[25;5~"
    },
    "0xf72b-0x20000": {
      "Action": 10,
      "Text": "[1;2F"
    },
    "0xf707-0x40000": {
      "Action": 10,
      "Text": "[1;5S"
    },
    "0xf708-0x20000": {
      "Action": 10,
      "Text": "[15;2~"
    },
    "0xf701-0x220000": {
      "Action": 10,
      "Text": "[1;2B"
    },
    "0xf70a-0x40000": {
      "Action": 10,
      "Text": "[18;5~"
    },
    "0xf70b-0x20000": {
      "Action": 10,
      "Text": "[19;2~"
    },
    "0xf702-0x240000": {
      "Action": 10,
      "Text": "[1;5D"
    },
    "0xf704-0x20000": {
      "Action": 10,
      "Text": "[1;2P"
    }
  },
  "Window Type": 0,
  "Cursor Type": 2,
  "Background Image Location": "",
  "Blur": false,
  "Badge Color": {
    "Red Component": 1,
    "Color Space": "sRGB",
    "Blue Component": 0,
    "Alpha Component": 0.5,