{
  "Ansi 6 Color": {
    "Green Component": 0.2202860563993454,
    "Red Component": 0.83879584074020386,
    "Blue Component": 0.3957560658454895
  },
  "Tags": [],
  "Ansi 12 Color": {
    "Green Component": 0.72489368915557861,
    "Red Component": 0.38222122192382812,
    "Blue Component": 0.81746715307235718
  },
  "Horizontal Spacing": 1,
  "Draw Powerline Glyphs": true,
  "Bold Color": {
    "Green Component": 1,
    "Red Component": 0.99989014863967896,
    "Blue Component": 0.999828040599823
  },
  "Normal Font": "MesloLGSNer-Regular 14",
  "Link Color": {
    "Red Component": 0,
    "Color Space": "sRGB",
    "Blue Component": 0.73423302173614502,
    "Alpha Component": 1,
    "Green Component": 0.35916060209274292
  },
  "Ansi 3 Color": {
    "Green Component": 0.81385296583175659,
    "Red Component": 0.84752464294433594,
    "Blue Component": 0.40406763553619385
  },
  "Rows": 45,
  "Default Bookmark": "No",
  "Ansi 5 Color": {
    "Green Component": 0.35389861464500427,
    "Red Component": 0.41298377513885498,
    "Blue Component": 0.73601889610290527
  },
  "Cursor Guide Color": {
    "Red Component": 0.70213186740875244,
    "Color Space": "sRGB",
    "Blue Component": 1,
    "Alpha Component": 0.25,
    "Green Component": 0.9268307089805603
  },
  "Non-ASCII Anti Aliased": true,
  "Use Bright Bold": true,
  "Ansi 10 Color": {
    "Green Component": 0.83088302612304688,
    "Red Component": 0.65560126304626465,
    "Blue Component": 0.17389380931854248
  },
  "Icon": 0,
  "Ambiguous Double Width": false,
  "Jobs to Ignore": ["rlogin", "ssh", "slogin", "telnet"],
  "Ansi 15 Color": {
    "Green Component": 1,
    "Red Component": 0.99989014863967896,
    "Blue Component": 0.999828040599823
  },
  "Foreground Color": {
    "Green Component": 0.96448075771331787,
    "Red Component": 0.96621626615524292,
    "Blue Component": 0.93707239627838135
  },
  "Working Directory": "/Users/tim",
  "Blinking Cursor": false,
  "Space": 0,
  "Sync Title": false,
  "Prompt Before Closing 2": false,
  "BM Growl": true,
  "Mouse Reporting": true,
  "Command": "",
  "Description": "Default",
  "Disable Window Resizing": true,
  "Screen": -1,
  "Selection Color": {
    "Green Component": 0.16536127030849457,
    "Red Component": 0.16686910390853882,
    "Blue Component": 0.14236269891262054
  },
  "Initial Use Transparency": false,
  "Columns": 150,
  "Idle Code": 0,
  "Ansi 13 Color": {
    "Green Component": 0.35389861464500427,
    "Red Component": 0.41298377513885498,
    "Blue Component": 0.73601889610290527
  },
  "Title Components": 4,
  "Custom Command": "No",
  "ASCII Anti Aliased": true,
  "Non Ascii Font": "Monaco 12",
  "Vertical Spacing": 1,
  "Use Bold Font": true,
  "Option Key Sends": 0,
  "Selected Text Color": {
    "Green Component": 1,
    "Red Component": 0.99989014863967896,
    "Blue Component": 0.999828040599823
  },
  "Background Color": {
    "Green Component": 0.11689118295907974,
    "Red Component": 0.11567587405443192,
    "Blue Component": 0.10109724849462509
  },
  "Character Encoding": 4,
  "Ansi 11 Color": {
    "Green Component": 0.81385296583175659,
    "Red Component": 0.84752464294433594,
    "Blue Component": 0.40406763553619385
  },
  "Use Italic Font": true,
  "Unlimited Scrollback": true,
  "Keyboard Map": {
    "0xf70f-0x40000": {
      "Action": 10,
      "Text": "[24;5~"
    },
    "0xf700-0x260000": {
      "Action": 10,
      "Text": "[1;6A"
    },
    "0x37-0x40000": {
      "Action": 11,
      "Text": "0x1f"
    },
    "0x32-0x40000": {
      "Action": 11,
      "Text": "0x00"
    },
    "0xf709-0x20000": {
      "Action": 10,
      "Text": "[17;2~"
    },
    "0xf70c-0x20000": {
      "Action": 10,
      "Text": "[20;2~"
    },
    "0xf729-0x20000": {
      "Action": 10,
      "Text": "[1;2H"
    },
    "0xf711-0x40000": {
      "Action": 10,
      "Text": "[26;5~"
    },
    "0xf72b-0x40000": {
      "Action": 10,
      "Text": "[1;5F"
    },
    "0xf703-0x260000": {
      "Action": 10,
      "Text": "[1;6C"
    },
    "0xf700-0x220000": {
      "Action": 10,
      "Text": "[1;2A"
    },
    "0xf705-0x20000": {
      "Action": 10,
      "Text": "[1;2Q"
    },
    "0xf708-0x40000": {
      "Action": 10,
      "Text": "[15;5~"
    },
    "0xf70b-0x40000": {
      "Action": 10,
      "Text": "[19;5~"
    },
    "0x38-0x40000": {
      "Action": 11,
      "Text": "0x7f"
    },
    "0x33-0x40000": {
      "Action": 11,
      "Text": "0x1b"
    },
    "0xf712-0x40000": {
      "Action": 10,
      "Text": "[28;5~"
    },
    "0xf704-0x40000": {
      "Action": 10,
      "Text": "[1;5P"
    },
    "0xf703-0x220000": {
      "Action": 10,
      "Text": "[1;2C"
    },
    "0xf709-0x40000": {
      "Action": 10,
      "Text": "[17;5~"
    },
    "0xf701-0x240000": {
      "Action": 10,
      "Text": "[1;5B"
    },
    "0xf70d-0x20000": {
      "Action": 10,
      "Text": "[21;2~"
    },
    "0xf702-0x260000": {
      "Action": 10,
      "Text": "[1;6D"
    },
    "0xf70c-0x40000": {
      "Action": 10,
      "Text": "[20;5~"
    },
    "0xf729-0x40000": {
      "Action": 10,
      "Text": "[1;5H"
    },
    "0xf706-0x20000": {
      "Action": 10,
      "Text": "[1;2R"
    },
    "0x34-0x40000": {
      "Action": 11,
      "Text": "0x1c"
    },
    "0xf705-0x40000": {
      "Action": 10,
      "Text": "[1;5Q"
    },
    "0x2d-0x40000": {
      "Action": 11,
      "Text": "0x1f"
    },
    "0xf70e-0x20000": {
      "Action": 10,
      "Text": "[23;2~"
    },
    "0xf702-0x220000": {
      "Action": 10,
      "Text": "[1;2D"
    },
    "0xf707-0x20000": {
      "Action": 10,
      "Text": "[1;2S"
    },
    "0xf700-0x240000": {
      "Action": 10,
      "Text": "[1;5A"
    },
    "0xf70a-0x20000": {
      "Action": 10,
      "Text": "[18;2~"
    },
    "0x35-0x40000": {
      "Action": 11,
      "Text": "0x1d"
    },
    "0xf70d-0x40000": {
      "Action": 10,
      "Text": "[21;5~"
    },
    "0xf70f-0x20000": {
      "Action": 10,
      "Text": "[24;2~"
    },
    "0xf703-0x240000": {
      "Action": 10,
      "Text": "[1;5C"
    },
    "0xf706-0x40000": {
      "Action": 10,
      "Text": "[1;5R"
    },
    "0xf701-0x260000": {
      "Action": 10,
      "Text": "[1;6B"
    },
    "0xf70e-0x40000": {
      "Action": 10,
      "Text": "[23;5~"
    },
    "0x36-0x40000": {
      "Action": 11,
      "Text": "0x1e"
    },
    "0xf710-0x40000": {
      "Action": 10,
      "Text": "[25;5~"
    },
    "0xf72b-0x20000": {
      "Action": 10,
      "Text": "[1;2F"
    },
    "0xf707-0x40000": {
      "Action": 10,
      "Text": "[1;5S"
    },
    "0xf708-0x20000": {
      "Action": 10,
      "Text": "[15;2~"
    },
    "0xf701-0x220000": {
      "Action": 10,
      "Text": "[1;2B"
    },
    "0xf70a-0x40000": {
      "Action": 10,
      "Text": "[18;5~"
    },
    "0xf70b-0x20000": {
      "Action": 10,
      "Text": "[19;2~"
    },
    "0xf702-0x240000": {
      "Action": 10,
      "Text": "[1;5D"
    },
    "0xf704-0x20000": {
      "Action": 10,
      "Text": "[1;2P"
    }
  },
  "Window Type": 0,
  "Cursor Type": 2,
  "Background Image Location": "",
  "Blur": false,
  "Badge Color": {
    "Red Component": 1,
    "Color Space": "sRGB",
    "Blue Component": 0,
    "Alpha Component": 0.5,
    "Green Component": 0.1491314172744751
  },
  "Scrollback Lines": 0,
  "Send Code When Idle": false,
  "Close Sessions On End": true,
  "Terminal Type": "xterm-256color",
  "Visual Bell": true,
  "Flashing Bell": false,
  "Silence Bell": false,
  "Ansi 14 Color": {
    "Green Component": 0.2202860563993454,
    "Red Component": 0.83879584074020386,
    "Blue Component": 0.3957560658454895
  },
  "ASCII Ligatures": true,
  "Name": "Tim",
  "Cursor Text Color": {
    "Green Component": 0.15575926005840302,
    "Red Component": 0,
    "Blue Component": 0.19370138645172119
  },
  "Shortcut": "",
  "Cursor Color": {
    "Green Component": 0.50962930917739868,
    "Red Component": 0.44058024883270264,