{
  "Use Non-ASCII Font" : true,
  "Tags" : [

  ],
  "Ansi 12 Color" : {
    "Red Component" : 0.44618862867355347,
    "Color Space" : "sRGB",
    "Blue Component" : 0.8526034951210022,
    "Alpha Component" : 1,
    "Green Component" : 0.77196252346038818
  },
  "Ansi 7 Color" : {
    "Red Component" : 0.99990671873092651,
    "Color Space" : "sRGB",
    "Blue Component" : 0.99987047910690308,
    "Alpha Component" : 1,
    "Green Component" : 1
  },
  "Draw Powerline Glyphs" : false,
  "Bold Color" : {
    "Red Component" : 0.99990671873092651,
    "Color Space" : "sRGB",
    "Blue Component" : 0.99987047910690308,
    "Alpha Component" : 1,
    "Green Component" : 1
  },
  "Ansi 8 Color" : {
    "Red Component" : 0.54608154296875,
    "Color Space" : "sRGB",
    "Blue Component" : 0.54369843006134033,
    "Alpha Component" : 1,
    "Green Component" : 0.54369843006134033
  },
  "Ansi 9 Color" : {
    "Red Component" : 0.86458182334899902,
    "Color Space" : "sRGB",
    "Blue Component" : 0.18500682711601257,
    "Alpha Component" : 1,
    "Green Component" : 0.25317737460136414
  },
  "Ansi 4 Color" : {
    "Red Component" : 0.44618862867355347,
    "Color Space" : "sRGB",
    "Blue Component" : 0.8526034951210022,
    "Alpha Component" : 1,
    "Green Component" : 0.77196252346038818
  },
  "Rows" : 55,
  "Default Bookmark" : "No",
  "Right Option Key Sends" : 0,
  "Cursor Guide Color" : {
    "Red Component" : 0.70213186740875244,
    "Color Space" : "sRGB",
    "Blue Component" : 1,
    "Alpha Component" : 0.25,
    "Green Component" : 0.9268307089805603
  },
  "Non-ASCII Anti Aliased" : true,
  "Use Bright Bold" : true,
  "Ansi 10 Color" : {
    "Red Component" : 0.70872849225997925,
    "Color Space" : "sRGB",
    "Blue Component" : 0.22430649399757385,
    "Alpha Component" : 1,
    "Green Component" : 0.84869509935379028
  },
  "Icon" : 0,
  "Ambiguous Double Width" : false,
  "Jobs to Ignore" : [
    "rlogin",
    "ssh",
    "slogin",
    "telnet"
  ],
  "Ansi 15 Color" : {
    "Red Component" : 0.99990671873092651,
    "Color Space" : "sRGB",
    "Blue Component" : 0.99987047910690308,
    "Alpha Component" : 1,
    "Green Component" : 1
  },
  "Foreground Color" : {
    "Red Component" : 0.97315722703933716,
    "Color Space" : "sRGB",
    "Blue Component" : 0.94973891973495483,
    "Alpha Component" : 1,
    "Green Component" : 0.97110909223556519
  },
  "Working Directory" : "\/Users\/tim",
  "Blinking Cursor" : false,
  "Space" : 0,
  "Sync Title" : false,
  "Prompt Before Closing 2" : false,
  "BM Growl" : true,
  "Mouse Reporting" : true,
  "Command" : "",
  "Description" : "Default",
  "Disable Window Resizing" : true,
  "Screen" : -1,
  "Selection Color" : {
    "Red Component" : 0.78924560546875,
    "Color Space" : "sRGB",
    "Blue Component" : 0.7888413667678833,
    "Alpha Component" : 1,
    "Green Component" : 0.78359746932983398
  },
  "Initial Use Transparency" : false,
  "Columns" : 150,
  "Idle Code" : 0,
  "Ansi 13 Color" : {
    "Red Component" : 0.49049460887908936,
    "Color Space" : "sRGB",
    "Blue Component" : 0.78410857915878296,
    "Alpha Component" : 1,
    "Green Component" : 0.44781351089477539
  },
  "Title Components" : 4,
  "Custom Command" : "No",
  "ASCII Anti Aliased" : true,
  "Non Ascii Font" : "FiraMonoNFM-Regular 14",
  "Vertical Spacing" : 1,
  "Use Bold Font" : true,
  "Option Key Sends" : 0,
  "Selected Text Color" : {
    "Red Component" : 1,
    "Color Space" : "sRGB",
    "Blue Component" : 1,
    "Alpha Component" : 1,
    "Green Component" : 1
  },
  "Background Color" : {
    "Red Component" : 0.15419003367424011,
    "Color Space" : "sRGB",
    "Blue Component" : 0.13407957553863525,
    "Alpha Component" : 1,
    "Green Component" : 0.15521785616874695
  },
  "Character Encoding" : 4,
  "Ansi 11 Color" : {
    "Red Component" : 0.87724477052688599,
    "Color Space" : "sRGB",
    "Blue Component" : 0.4777718186378479,
    "Alpha Component" : 1,
    "Green Component" : 0.84070789813995361
  },
  "Non-ASCII Ligatures" : true,
  "Use Italic Font" : true,
  "Unlimited Scrollback" : true,
  "Keyboard Map" : {
    "0xf704-0x20000" : {
      "Text" : "[1;2P",
      "Action" : 10
    },
    "0xf700-0x260000" : {
      "Text" : "[1;6A",
      "Action" : 10
    },
    "0x37-0x40000" : {
      "Text" : "0x1f",
      "Action" : 11
    },
    "0x32-0x40000" : {
      "Text" : "0x00",
      "Action" : 11
    },
    "0xf709-0x20000" : {
      "Text" : "[17;2~",
      "Action" : 10
    },
    "0xf70c-0x20000" : {
      "Text" : "[20;2~",
      "Action" : 10
    },
    "0xf729-0x20000" : {
      "Text" : "[1;2H",
      "Action" : 10
    },
    "0xf711-0x40000" : {
      "Text" : "[26;5~",
      "Action" : 10
    },
    "0xf72b-0x40000" : {
      "Text" : "[1;5F",
      "Action" : 10
    },
    "0xf703-0x260000" : {
      "Text" : "[1;6C",
      "Action" : 10
    },
    "0xf700-0x220000" : {
      "Text" : "[1;2A",
      "Action" : 10
    },
    "0xf705-0x20000" : {
      "Text" : "[1;2Q",
      "Action" : 10
    },
    "0xf708-0x40000" : {
      "Text" : "[15;5~",
      "Action" : 10
    },
    "0xf70b-0x40000" : {
      "Text" : "[19;5~",
      "Action" : 10
    },
    "0x38-0x40000" : {
      "Text" : "0x7f",
      "Action" : 11
    },
    "0x33-0x40000" : {
      "Text" : "0x1b",
      "Action" : 11
    },
    "0xf712-0x40000" : {
      "Text" : "[28;5~",
      "Action" : 10
    },
    "0xf704-0x40000" : {
      "Text" : "[1;5P",
      "Action" : 10
    },
    "0xf703-0x220000" : {
      "Text" : "[1;2C",
      "Action" : 10
    },
    "0xf709-0x40000" : {
      "Text" : "[17;5~",
      "Action" : 10
    },
    "0xf701-0x240000" : {
      "Text" : "[1;5B",
      "Action" : 10
    },
    "0xf70d-0x20000" : {
      "Text" : "[21;2~",
      "Action" : 10
    },
    "0xf702-0x260000" : {
      "Text" : "[1;6D",
      "Action" : 10
    },
    "0xf70c-0x40000" : {
      "Text" : "[20;5~",
      "Action" : 10
    },
    "0xf729-0x40000" : {
      "Text" : "[1;5H",
      "Action" : 10
    },
    "0xf706-0x20000" : {
      "Text" : "[1;2R",
      "Action" : 10
    },
    "0x34-0x40000" : {
      "Text" : "0x1c",
      "Action" : 11
    },
    "0xf705-0x40000" : {
      "Text" : "[1;5Q",
      "Action" : 10
    },
    "0x2d-0x40000" : {
      "Text" : "0x1f",
      "Action" : 11
    },
    "0xf70e-0x20000" : {
      "Text" : "[23;2~",
      "Action" : 10
    },
    "0xf702-0x220000" : {
      "Text" : "[1;2D",
      "Action" : 10
    },
    "0xf707-0x20000" : {
      "Text" : "[1;2S",
      "Action" : 10
    },
    "0xf700-0x240000" : {
      "Text" : "[1;5A",
      "Action" : 10
    },
    "0xf70a-0x20000" : {
      "Text" : "[18;2~",
      "Action" : 10
    },
    "0x35-0x40000" : {
      "Text" : "0x1d",
      "Action" : 11
    },
    "0xf70d-0x40000" : {
      "Text" : "[21;5~",
      "Action" : 10
    },
    "0xf70f-0x20000" : {
      "Text" : "[24;2~",
      "Action" : 10
    },
    "0xf703-0x240000" : {
      "Text" : "[1;5C",
      "Action" : 10
    },
    "0xf706-0x40000" : {
      "Text" : "[1;5R",
      "Action" : 10
    },
    "0xf701-0x260000" : {
      "Text" : "[1;6B",
      "Action" : 10
    },
    "0xf70e-0x40000" : {
      "Text" : "[23;5~",
      "Action" : 10
    },
    "0x36-0x40000" : {
      "Text" : "0x1e",
      "Action" : 11
    },
    "0xf710-0x40000" : {
      "Text" : "[25;5~",
      "Action" : 10
    },
    "0xf72b-0x20000" : {
      "Text" : "[1;2F",
      "Action" : 10
    },
    "0xf707-0x40000" : {
      "Text" : "[1;5S",
      "Action" : 10
    },
    "0xf708-0x20000" : {
      "Text" : "[15;2~",
      "Action" : 10
    },
    "0xf701-0x220000" : {
      "Text" : "[1;2B",
      "Action" : 10
    },
    "0xf70a-0x40000" : {
      "Text" : "[18;5~",
      "Action" : 10
    },
    "0xf70b-0x20000" : {
      "Text" : "[19;2~",
      "Action" : 10
    },
    "0xf702-0x240000" : {
      "Text" : "[1;5D",
      "Action" : 10
    },